displacement_all,pressure_solid_all,pressure_IF_all,pressure_cell_all,load_all,time_all,pressurel
0.0,0.0,362.13203435596427,-1086.396103067893,0.0,0.5,200.0
0.0,0.0,362.13203435596427,-1086.396103067893,0.0,1.0,200.0
-4.315880602433692e-07,194.66973698811637,556.7686106880922,-890.4305059919786,200.0,1.5,199.9679536493759
-6.446919664295252e-07,183.03140088509664,545.0576988568309,-899.2439278792017,200.0,2.0,193.70988009836992
-8.039496433808265e-07,167.4708143898314,529.3997076346271,-911.0371633589227,200.0,2.5,176.74512014886167
-9.343331904106473e-07,150.58478413221363,512.4075093306967,-923.8478728468931,200.0,3.0,157.05475879223778
-1.0451899393674198e-06,134.03941063941258,495.7576445747848,-936.4134355645026,200.0,3.5,138.27826872022558
-1.1410863768057656e-06,118.6498026413318,480.27042974783143,-948.1130043247845,200.0,4.0,121.36076344381753
-1.2247250308931235e-06,104.71459762214651,466.2464933295947,-958.7165351206274,200.0,4.5,106.3960996669204
-1.2979568171631306e-06,92.27144727584052,453.7238280490188,-968.1923421981197,200.0,5.0,93.24116497931163
-1.3621903423303072e-06,81.24203146889342,442.62370467753306,-976.5974569592419,200.0,5.5,81.7019169416776
-1.4185725559933676e-06,71.5043228884917,432.8233906141457,-984.0227654881853,200.0,6.0,71.5874443124408
-1.4680744375715438e-06,62.925958744683854,424.18973468067355,-990.5675452419408,200.0,6.5,62.724115174452564
-1.511535216306972e-06,55.37866306066175,416.59368396966227,-996.3283801434355,200.0,7.0,54.95786122352279
-1.5496878233682105e-06,48.74388271017018,409.915958781708,-1001.3947704420704,200.0,7.5,48.153101727599235
-1.5831754934622679e-06,42.91448492967688,404.0487636250564,-1005.8477595700153,200.0,8.0,42.19086414095472
-1.6125639212963988e-06,37.79475180161387,398.8957838601006,-1009.7598759650185,200.0,8.5,36.96685239142292
-1.6383509595759188e-06,33.299682611485906,394.37148534868516,-1013.1956169717864,200.0,9.0,32.38966760629711
-1.660974776508833e-06,29.354054409238934,390.4001703755304,-1016.2121285702516,200.0,9.5,28.379222746865274
-1.6808209171661021e-06,25.89143769422306,386.9149880902853,-1018.8599281990298,200.0,10.0,24.865345506835
-1.6982285023512107e-06,22.85325038455147,383.85698322758344,-1021.1836051886422,200.0,10.5,21.786551753029443
-1.7134957038812132e-06,20.187882410699313,381.17421570644524,-1023.2224725352319,200.0,11.0,19.088970092932783
-1.7268845913419595e-06,17.849900706703824,378.82096098921414,-1025.0111613269455,200.0,11.5,16.725399374395547
-1.738625423782224e-06,15.79933448440927,376.7569911199386,-1026.5801569642624,200.0,12.0,14.654482815549711
-1.7489204478957488e-06,14.001036491050213,374.9469321426135,-1027.9562797284057,200.0,12.5,12.839984371879453
-1.7579472565584465e-06,12.424114342260484,373.35969197509576,-1029.163113647874,200.0,13.0,11.250154696169567
-1.765861755810744e-06,11.041425584723427,371.96795236897515,-1030.2213880771317,200.0,13.5,9.857175602501847
-1.7728007835274563e-06,9.82913023673246,370.74771867651106,-1031.1493164297583,200.0,14.0,8.636673315384693
-1.7788844187042122e-06,8.76629488671632,369.6779214766668,-1031.9628963322905,200.0,14.5,7.567291987543814
-1.7842180163563645e-06,7.834542860919216,368.740064543832,-1032.676175195372,200.0,15.0,6.6303200241145115
-1.7888939994156057e-06,7.017745434941066,367.9179141075028,-1033.301484890857,200.0,15.5,5.809362674855495
-1.7929934356982557e-06,6.301749526387241,367.19722481530073,-1033.8496489056574,200.0,16.0,5.090055165551429
-1.796587424994683e-06,5.674137750549052,366.5654982581526,-1034.3301650307917,200.0,16.5,4.4598113490996685
-1.7997383185800056e-06,5.124017139286359,366.0117703365603,-1034.7513663455406,200.0,17.0,3.907603478282408
-1.8025007909586624e-06,4.641833211121396,365.5264241365837,-1035.1205629764702,200.0,17.5,3.423769246779305
-1.8049227814143239e-06,4.219206436581926,365.1010253419859,-1035.4441668513941,200.0,18.0,2.9998427221034802
-1.8070463209250251e-06,3.848788467165001,364.72817753503983,-1035.7278014300257,200.0,18.5,2.628406212195086
-1.8089082582036539e-06,3.524135789994082,364.40139503380345,-1035.976398175864,200.0,19.0,2.302960473694928
-1.8105408970182202e-06,3.2395987349175552,364.11499117983544,-1036.1942813371315,200.0,19.5,2.0178109908559008
-1.811972555517133e-06,2.990223998350978,363.86398022924527,-1036.3852424272566,200.0,20.0,1.7679683352473508
-1.8132280570152545e-06,2.771669060681292,363.64399121373464,-1036.5526056361718,200.0,20.5,1.5490608627874738
-1.8143291605709545e-06,2.5801270636162523,363.4511923289841,-1036.6992852612589,200.0,21.0,1.3572582205122774
-1.815294938687876e-06,2.41226088255831,363.28222457745255,-1036.8278361196703,200.0,21.5,1.1892043246340094
-1.816142108594143e-06,2.2651452789002278,363.13414354339164,-1036.9404977906338,200.0,22.0,1.0419586371666678
-1.8168853227736607e-06,2.136216149946128,363.00436831150614,-1037.0392334358935,200.0,22.5,0.9129447136011297
-1.8175374237377385e-06,2.0232260117342524,362.8906366589892,-1037.1257638573359,200.0,23.0,0.7999051213382574
-1.8181096674201623e-06,1.9242049539556412,362.79096575523903,-1037.2015973720156,200.0,23.5,0.7008619400612743
-1.8186119190458632e-06,1.8374263979438292,362.70361769591545,-1037.2680560150657,200.0,24.0,0.6140821528991506
-1.8190528248541553e-06,1.7613770696601578,362.6270692794629,-1037.3262985194167,200.0,24.5,0.5380473228098065
-1.8194399626447507e-06,1.694730670961486,362.55998550604113,-1037.3773404669284,200.0,25.0,0.471427023592954
-1.8197799737518142e-06,1.6363247952858844,362.50119634205294,-1037.4220719576776,200.0,25.5,0.41305556063936133
-1.8200786787322836e-06,1.5851406892074318,362.44967634913587,-1037.4612731019574,200.0,26.0,0.36191157408577324
-1.8203411787743986e-06,1.5402855099830413,362.40452682545873,-1037.4956276024363,200.0,26.5,0.31710016747989167
-1.820571944586157e-06,1.5009767720023215,362.3649601502406,-1037.5257346612752,200.0,27.0,0.2778372492501287
-1.8207748943072601e-06,1.4665287126607705,362.3302860602512,-1037.5521194182697,200.0,27.5,0.24343581299361267
-1.8209534617982977e-06,1.4363403412228983,362.29989962031885,-1037.57524210087,200.0,28.0,0.21329391652056784
-1.821110656494373e-06,1.4098849632639308,362.2732706790795,-1037.5955060447368,200.0,28.5,0.18688414931732586
-1.8212491158641985e-06,1.386700998758078,362.2499346268474,-1037.613264724032,200.0,29.0,0.16374440413396746
-1.82137115138745e-06,1.366383934261132,362.2294842950104,-1037.628827913527,200.0,29.5,0.14346979122162687
-1.8214787888506703e-06,1.3485792692585206,362.2115628561061,-1037.642467089618,200.0,30.0,0.1257055537381095
-1.8215738036633388e-06,1.3329763339860166,362.19585760108475,-1037.6544201641393,200.0,30.5,0.11014086035850275
-1.821657751809193e-06,1.3193028711437171,362.1820944854722,-1037.6648956333245,200.0,31.0,0.09650336647642878
-1.821731996971976e-06,1.3073202871799532,362.1700333494951,-1037.6740762141083,200.0,31.5,0.08455444883007934
-1.8217977343082697e-06,1.2968194904584656,362.1594637289378,-1037.6821220310708,200.0,32.0,0.07408503017047355
-1.8218560112816961e-06,1.2876172438158489,362.15020118376333,-1037.689173409516,200.0,32.5,0.06491192091370442
-1.8219077459216319e-06,1.2795529679620858,362.1420840805358,-1037.6953533233336,200.0,33.0,0.05687461376490509
-1.8219537428247314e-06,1.272485940026645,362.1349707725798,-1037.7007695402963,200.0,33.5,0.049832475227584994
-1.821994707178236e-06,1.266292838416631,362.12873712872516,-1037.7055165021623,200.0,34.0,0.043662284856520565
-1.8220312570495763e-06,1.2608655911944286,362.12327436756186,-1037.70967697237,200.0,34.5,0.038256079197058396
-1.822063934156586e-06,1.2561094904618353,362.11848715944785,-1037.7133234800299,200.0,35.0,0.03351926268496779
-1.8220932133061306e-06,1.2519415398723566,362.1142919631742,-1037.7165195853938,200.0,35.5,0.02936895245214434
-1.8221195106657833e-06,1.2482890064547403,362.1106155682828,-1037.7193209888744,200.0,36.0,0.025732528076255395
-1.8221431910127982e-06,1.2450881514935772,362.10739381761636,-1037.7217765029395,200.0,36.5,0.022546360898443495
-1.822164574086829e-06,1.2422831183288987,362.1045704878168,-1037.7239289038446,200.0,37.0,0.01975470067520993
-1.822183940157198e-06,1.2398249576786984,362.1020963082498,-1037.7258156780504,200.0,37.5,0.017308700083572305
-1.822201534901823e-06,1.2376707734797299,362.09992810123856,-1037.7274696763466,200.0,38.0,0.01516556001068701
-1.8222175736829142e-06,1.2357829743469109,362.09802802860906,-1037.7289196870954,200.0,38.5,0.01328778067256689
-1.8222322452940192e-06,1.2341286175930162,362.0963629314036,-1037.7301909385903,200.0,39.0,0.011642505458276425
-1.8222457152437875e-06,1.2326788343642117,362.0949037512423,-1037.731305539297,200.0,39.5,0.010200946018460423
-1.8222581286337306e-06,1.2314083258609545,362.09362502323734,-1037.732282863656,200.0,40.0,0.008937878538641345
-1.8222696126801831e-06,1.2302949218551718,362.09250443161136,-1037.7331398901788,200.0,40.5,0.007831202383282698
-1.8222802789244544e-06,1.2293191938027042,362.0915224202698,-1037.7338914977336,200.0,41.0,0.006861553387953645
-1.8222902251697292e-06,1.2284641157947953,362.0906618515279,-1037.7345507251941,200.0,41.5,0.006011965033139982
-1.8222995371785027e-06,1.227714767440465,362.0899077070402,-1037.7351289989815,200.0,42.0,0.005267571571060404
-1.8223082901601584e-06,1.2270580734877703,362.089246825715,-1037.7356363324648,200.0,42.5,0.0046153479109228394
-1.8223165500746376e-06,1.2264825756463942,362.0886676740371,-1037.7360815007064,200.0,43.0,0.004043881711240178
-1.8223243747749439e-06,1.2259782326254152,362.0881601447937,-1037.736472193596,200.0,43.5,0.003543173691370323
-1.8223318150084062e-06,1.2255362449008862,362.0877153806912,-1037.7368151500493,200.0,44.0,0.003104462668214075
-1.822338915294164e-06,1.2251489011513181,362.0873256197826,-1037.7371162756092,200.0,44.5,0.0027200722566348345
-1.8223457146921847e-06,1.224809443685238,362.0869840600118,-1037.737380745507,200.0,45.0,0.0023832765512271045
-1.8223522474772218e-06,1.2245119505098276,362.08668474050774,-1037.7376130949735,200.0,45.5,0.0020881824391885935
-1.8223585437294633e-06,1.2242512319836565,362.08642243755867,-1037.737817298389,200.0,46.0,0.0018296264850549925
-1.8223646298521793e-06,1.2240227402491057,362.0861925734504,-1037.7379968386397,200.0,46.5,0.0016030845830287863
-1.822370529025388e-06,1.2238224898669074,362.0859911365789,-1037.7381547678965,200.0,47.0,0.0014045927960358209
-1.822376261603455e-06,1.223646988262248,362.08581461144087,-1037.7382937608845,200.0,47.5,0.0012306779963838568
-1.822381845463555e-06,1.2234931747758266,362.0856599172838,-1037.7384161615564,200.0,48.0,0.0010782970944019882
-1.8223872963110735e-06,1.2233583672489423,362.0855243543409,-1037.7385240239994,200.0,48.5,0.0009447837917085085
-1.8223926279472695e-06,1.223240215217224,362.0854055567171,-1037.738619148282,200.0,49.0,0.0008278019274179162
-1.8223978525038704e-06,1.2231366588899057,362.0853014510995,-1037.7387031118674,200.0,49.5,0.0007253046009580978
-1.8224029806486785e-06,1.2230458932036932,362.0852102205749,-1037.7387772971415,200.0,50.0,0.0006354983562455519
-1.8224080217657825e-06,1.2229663363217773,362.0851302729219,-1037.7388429155396,200.0,50.5,0.0005568118005281048
-1.8224129841135043e-06,1.2228966020276852,362.08506021282426,-1037.7389010286843,200.0,51.0,0.0004878681088005114
-1.8224178749628437e-06,1.2228354755339068,362.08499881751976,-1037.738952566915,200.0,51.5,0.00042746093268649016
-1.8224227007188202e-06,1.222781892282136,362.0849450154616,-1037.7389983455214,200.0,52.0,0.0003745332922507523
-1.8224274670268377e-06,1.2227349193641546,362.08489786761766,-1037.7390390789728,200.0,52.5,0.0003281590813986007
-1.8224321788659088e-06,1.2226937392414914,362.0848565510828,-1037.739075393385,200.0,53.0,0.00028752686325218596
-1.8224368406303834e-06,1.2226576354782281,362.08482034471837,-1037.7391078374478,200.0,53.5,0.0002519256719615929
-1.8224414562015815e-06,1.2226259802375472,362.08478861656636,-1037.739136891999,200.0,54.0,0.00022073257251665717
-1.8224460290105908e-06,1.2225982233254622,362.08476081282123,-1037.7391629784165,200.0,54.5,0.00019340176088623927
-1.822450562093315e-06,1.222573882588595,362.084736448165,-1037.7391864659703,200.0,55.0,0.00016945501376365994
-1.822455058138738e-06,1.2225525354998483,362.0847150972974,-1037.739207678268,200.0,55.5,0.00014847332081186485
-1.8224595195312312e-06,1.2225338117847313,362.0846963875136,-1037.7392268989006,200.0,56.0,0.0001300895529927977
-1.8224639483876474e-06,1.222517386959559,362.0846799922003,-1037.7392443763915,200.0,56.5,0.00011398203869441282
-1.8224683465898459e-06,1.2225029766681628,362.08466562513524,-1037.7392603285343,200.0,57.0,9.986893525303994e-05
-1.8224727158132083e-06,1.2224903317197315,362.0846530354926,-1037.7392749461908,200.0,57.5,8.750329738631659e-05
-1.8224770575516459e-06,1.2224792337406614,362.08464200346555,-1037.7392883966243,200.0,58.0,7.666875624615331e-05
-1.8224813731395264e-06,1.2224694913620708,362.08463233642954,-1037.7393008264153,200.0,58.5,6.717573348557326e-05
-1.8224856637709053e-06,1.2224609368816568,362.08462386558233,-1037.7393123640215,200.0,59.0,5.885812409473102e-05
-1.8224899305163903e-06,1.2224534233357924,362.0846164429959,-1037.7393231220183,200.0,59.5,5.15703899637322e-05
-1.8224941743379365e-06,1.222446821935798,362.08460993903697,-1037.739333199062,200.0,60.0,4.518501331661504e-05
-1.8224983961018214e-06,1.222441019819265,362.08460424010286,-1037.7393426816122,200.0,60.5,3.9590265457727535e-05
-1.8225025965900307e-06,1.222435918081504,362.08459924664044,-1037.7393516454408,200.0,61.0,3.468825178893966e-05
-1.8225067765102452e-06,1.2224314300489052,362.08459487140766,-1037.739360156952,200.0,61.5,3.0393198890208727e-05
-1.8225109365046059e-06,1.2224274797660388,362.08459103795127,-1037.7393682743416,200.0,62.0,2.66299536915355e-05
-1.8225150771574053e-06,1.2224240006712042,362.0845876792734,-1037.739376048612,200.0,62.5,2.3332668475439106e-05
-1.82251919900184e-06,1.2224209344337806,362.0845847366612,-1037.739383524463,200.0,63.0,2.044364870066579e-05
-1.8225233025259341e-06,1.2224182299364037,362.0845821586627,-1037.739390741069,200.0,63.5,1.791234348682308e-05
-1.8225273881777488e-06,1.2224158423836136,362.0845799001889,-1037.739397732764,200.0,64.0,1.5694461095855368e-05
-1.8225314563699458e-06,1.2224137325192774,362.08457792172675,-1037.7394045296403,200.0,64.5,1.3751193933418977e-05
-1.822535507483806e-06,1.222411865941964,362.0845761886499,-1037.7394111580718,200.0,65.0,1.2048539509549329e-05
-1.8225395418727547e-06,1.222410212504367,362.08457467061396,-1037.7394176411751,200.0,65.5,1.0556705477069658e-05
-1.8225435598654625e-06,1.222408745787504,362.0845733410272,-1037.7394239992113,200.0,66.0,9.249588337347042e-06
-1.8225475617685676e-06,1.2224074426392975,362.0845721765864,-1037.7394302499408,200.0,66.5,8.104316692004097e-06
-1.8225515478690753e-06,1.222406282770614,362.0845711568701,-1037.739436408931,200.0,67.0,7.1008510485921e-06
-1.8225555184364622e-06,1.2224052484017867,362.0845702639826,-1037.7394424898262,200.0,67.5,6.221633177790189e-06
-1.8225594737245342e-06,1.2224043239511875,362.084569482241,-1037.7394485045909,200.0,68.0,5.4512788867264736e-06
-1.8225634139730578e-06,1.2224034957645864,362.08456879790214,-1037.7394544637107,200.0,68.5,4.776308832695365e-06
-1.8225673394091986e-06,1.2224027518758913,362.0845681989223,-1037.7394603763803,200.0,69.0,4.184912667160067e-06
-1.8225712502487893e-06,1.2224020817985748,362.08456767474684,-1037.7394662506604,200.0,69.5,3.6667423831288376e-06
-1.8225751466974471e-06,1.2224014763434432,362.0845672161272,-1037.739472093619,200.0,70.0,3.212731249982641e-06
-1.8225790289515607e-06,1.2224009274571654,362.084566814958,-1037.7394779114543,200.0,70.5,2.81493516754989e-06
-1.8225828971991593e-06,1.2224004280821583,362.0845664641362,-1037.7394837096022,200.0,71.0,2.4663936635072997e-06
-1.8225867516206831e-06,1.22239997203387,362.0845661574374,-1037.7394894928293,200.0,71.5,2.16100810189661e-06
-1.822590592389663e-06,1.222399553892135,362.0845658894069,-1037.7394952653185,200.0,72.0,1.8934349716995002e-06
-1.8225944196733214e-06,1.2223991689072404,362.0845656552647,-1037.739501030738,200.0,72.5,1.65899238827852e-06
-1.822598233633109e-06,1.2223988129166543,362.08456545082163,-1037.7395067923076,200.0,73.0,1.4535781716843015e-06
-1.8226020344251734e-06,1.2223984822723677,362.0845652724068,-1037.7395125528521,200.0,73.5,1.2735980683971284e-06
-1.8226058222007814e-06,1.222398173777715,362.0845651168033,-1037.739518314852,200.0,74.0,1.1159028605564373e-06
-1.8226095971066911e-06,1.222397884630825,362.08456498119176,-1037.7395240804851,200.0,74.5,9.777332622412154e-07
-1.822613359285485e-06,1.2223976123765987,362.0845648631021,-1037.7395298516635,200.0,75.0,8.566716386193019e-07
-1.8226171088758659e-06,1.2223973548634057,362.0845647603693,-1037.739535630067,200.0,75.5,7.50599703166919e-07
-1.8226208460129189e-06,1.2223971102053866,362.08456467109585,-1037.7395414171729,200.0,76.0,6.576614527618784e-07
-1.8226245708283515e-06,1.2223968767500843,362.0845645936198,-1037.739547214279,200.0,76.5,5.762306921039096e-07
-1.822628283450701e-06,1.2223966530486516,362.0845645264833,-1037.7395530225283,200.0,77.0,5.048825792178124e-07
-1.822631984005528e-06,1.2223964378322247,362.08456446841024,-1037.7395588429247,200.0,77.5,4.423686941542925e-07
-1.8226356726155839e-06,1.2223962299879332,362.0845644182815,-1037.739564676354,200.0,78.0,3.8759519465089504e-07
-1.8226393494009668e-06,1.2223960285409659,362.0845643751166,-1037.7395705235958,200.0,78.5,3.396036765297579e-07
-1.8226430144792602e-06,1.2223958326367679,362.08456433805634,-1037.7395763853383,200.0,79.0,2.9755440393528547e-07
-1.8226466679656575e-06,1.2223956415262425,362.08456430634783,-1037.7395822621886,200.0,79.5,2.607116159813565e-07
-1.8226503099730772e-06,1.2223954545528373,362.0845642793309,-1037.7395881546831,200.0,80.0,2.2843065270979254e-07
-1.8226539406122648e-06,1.2223952711415307,362.0845642564277,-1037.7395940632962,200.0,80.5,2.0014667509541623e-07
-1.8226575599918887e-06,1.222395090787472,362.0845642371315,-1037.7395999884484,200.0,81.0,1.7536478172499274e-07
-1.8226611682186271e-06,1.2223949130487903,362.08456422099783,-1037.7396059305129,200.0,81.5,1.5365134921573596e-07
-1.8226647653972454e-06,1.2223947375380306,362.08456420763804,-1037.73961188982,200.0,82.0,1.3462644485161958e-07
-1.8226683516306702e-06,1.2223945639151772,362.08456419671086,-1037.739617866665,200.0,82.5,1.1795717867689289e-07
-1.8226719270200555e-06,1.2223943918827038,362.0845641879175,-1037.73962386131,200.0,83.0,1.0335187872447893e-07
-1.822675491664846e-06,1.2223942211793029,362.0845641809962,-1037.7396298739902,200.0,83.5,9.055498745980044e-08
-1.8226790456628328e-06,1.2223940515760958,362.08456417571745,-1037.7396359049158,200.0,84.0,7.934259014008967e-08
-1.8226825891102083e-06,1.2223938828723875,362.08456417188023,-1037.7396419542754,200.0,84.5,6.95184968462711e-08
-1.822686122101615e-06,1.2223937148921167,362.08456416930824,-1037.7396480222392,200.0,85.0,6.091080963240585e-08
-1.8226896447301916e-06,1.222393547480704,362.0845641678471,-1037.7396541089604,200.0,85.5,5.336891472609864e-08
-1.8226931570876194e-06,1.2223933805031322,362.08456416736146,-1037.739660214578,200.0,86.0,4.676084715062222e-08
-1.822696659264158e-06,1.222393213840206,362.08456416773276,-1037.7396663392194,200.0,86.5,4.097098165600447e-08
-1.8227001513486902e-06,1.2223930473878244,362.0845641688571,-1037.7396724829996,200.0,87.0,3.589800955593506e-08
-1.822703633428754e-06,1.222392881054844,362.08456417064366,-1037.7396786460247,200.0,87.5,3.145316607001885e-08
-1.8227071055905768e-06,1.222392714760569,362.0845641730123,-1037.7396848283918,200.0,88.0,2.755867715413838e-08
-1.8227105679191119e-06,1.222392548434826,362.08456417589343,-1037.7396910301914,200.0,88.5,2.4146398642201003e-08
-1.8227140204980663e-06,1.2223923820156852,362.08456417922565,-1037.7396972515069,200.0,89.0,2.115662388753418e-08
-1.822717463409931e-06,1.2223922154488303,362.0845641829553,-1037.7397034924163,200.0,89.5,1.8537039040525975e-08
-1.8227208967360108e-06,1.2223920486865207,362.0845641870354,-1037.7397097529933,200.0,90.0,1.6241807682389686e-08
-1.8227243205564486e-06,1.2223918816868193,362.08456419142476,-1037.7397160333062,200.0,90.5,1.4230768798351165e-08
-1.8227277349502544e-06,1.2223917144126466,362.0845641960871,-1037.7397223334199,200.0,91.0,1.246873405672096e-08
-1.8227311399953278e-06,1.2223915468317754,362.0845642009911,-1037.7397286533972,200.0,91.5,1.092487209793236e-08
-1.822734535768483e-06,1.2223913789156948,362.0845642061089,-1037.7397349932958,200.0,92.0,9.572169060085684e-09
-1.822737922345472e-06,1.2223912106390726,362.0845642114162,-1037.7397413531733,200.0,92.5,8.386955901497755e-09
-1.8227412998010055e-06,1.2223910419798185,362.0845642168917,-1037.7397477330837,200.0,93.0,7.348494249540358e-09
-1.8227446682087764e-06,1.2223908729183273,362.0845642225168,-1037.7397541330795,200.0,93.5,6.438613529121362e-09
-1.8227480276414784e-06,1.222390703437412,362.0845642282753,-1037.7397605532121,200.0,94.0,5.6413930214312705e-09
-1.8227513781708272e-06,1.22239053352171,362.0845642341527,-1037.7397669935306,200.0,94.5,4.942883289750149e-09
-1.8227547198675785e-06,1.2223903631579085,362.0845642401368,-1037.7397734540837,200.0,95.0,4.3308620979384805e-09
-1.8227580528015492e-06,1.2223901923339,362.0845642462163,-1037.7397799349183,200.0,95.5,3.794620550773364e-09
-1.8227613770416341e-06,1.2223900210391623,362.0845642523818,-1037.7397864360814,200.0,96.0,3.3247757141021846e-09
-1.822764692655823e-06,1.2223898492641485,362.08456425862477,-1037.7397929576184,200.0,96.5,2.913106436118046e-09
-1.8227679997112178e-06,1.2223896770005294,362.0845642649379,-1037.739799499575,200.0,97.0,2.552409497024976e-09
-1.8227712982740512e-06,1.2223895042409882,362.08456427131495,-1037.7398060619946,200.0,97.5,2.2363735700590357e-09
-1.8227745884097006e-06,1.2223893309786447,362.08456427775,-1037.7398126449227,200.0,98.0,1.959468788487138e-09
-1.8227778701827058e-06,1.2223891572075165,362.08456428423824,-1037.7398192484025,200.0,98.5,1.716849986272156e-09
-1.8227811436567813e-06,1.2223889829222816,362.0845642907753,-1037.7398258724775,200.0,99.0,1.5042719193493491e-09
-1.8227844088948347e-06,1.2223888081179446,362.08456429735736,-1037.7398325171914,200.0,99.5,1.3180149840909054e-09
-1.8227876659589806e-06,1.2223886327905273,362.0845643039813,-1037.7398391825864,200.0,100.0,1.1548201332107168e-09
-1.8227909149105524e-06,1.2223884569355898,362.08456431064417,-1037.7398458687064,200.0,100.5,1.0118318502946862e-09
-1.822794155810119e-06,1.2223882805498074,362.0845643173434,-1037.7398525755937,200.0,101.0,8.865481851483742e-10
-1.8227973887174958e-06,1.222388103629655,362.0845643240767,-1037.7398593032915,200.0,101.5,7.767769757010223e-10
-1.82280061369176e-06,1.2223879261722093,362.0845643308424,-1037.7398660518425,200.0,102.0,6.805974904547864e-10
-1.8228038307912637e-06,1.2223877481747298,362.08456433763865,-1037.7398728212893,200.0,102.5,5.963268203145606e-10
-1.8228070400736426e-06,1.2223875696345294,362.084564344464,-1037.7398796116754,200.0,103.0,5.224904317364625e-10
-1.8228102415958338e-06,1.2223873905490525,362.08456435131717,-1037.7398864230431,200.0,103.5,4.577963659460282e-10
-1.822813435414084e-06,1.2223872109164071,362.08456435819704,-1037.739893255436,200.0,104.0,4.0111263277467485e-10
-1.822816621583961e-06,1.2223870307343474,362.08456436510284,-1037.7399001088966,200.0,104.5,3.5144740356108213e-10
-1.8228198001603696e-06,1.2223868500007729,362.08456437203347,-1037.739906983468,200.0,105.0,3.0793165654099894e-10
-1.8228229711975564e-06,1.2223866687137994,362.0845643789883,-1037.7399138791945,200.0,105.5,2.6980397106164185e-10
-1.8228261347491262e-06,1.2223864868716117,362.0845643859667,-1037.739920796119,200.0,106.0,2.363972045561326e-10
-1.8228292908680481e-06,1.2223863044725882,362.0845643929681,-1037.7399277342847,200.0,106.5,2.071268191571076e-10
-1.822832439606671e-06,1.2223861215150489,362.08456439999213,-1037.7399346937357,200.0,107.0,1.8148065369340706e-10
-1.8228355810167303e-06,1.2223859379975797,362.08456440703844,-1037.7399416745156,200.0,107.5,1.5900996210444708e-10
-1.822838715149358e-06,1.2223857539182006,362.08456441410624,-1037.7399486766694,200.0,108.0,1.3932156146612075e-10
-1.8228418420550937e-06,1.2223855692758228,362.0845644211958,-1037.7399557002407,200.0,108.5,1.2207095223762167e-10
-1.822844961783895e-06,1.222385384068896,362.08456442830663,-1037.7399627452737,200.0,109.0,1.0695629035009961e-10
-1.8228480743851438e-06,1.2223851982958311,362.08456443543844,-1037.7399698118134,200.0,109.5,9.371310566322598e-11
-1.8228511799076593e-06,1.2223850119553654,362.08456444259105,-1037.7399768999048,200.0,110.0,8.210967437539599e-11
-1.8228542783997037e-06,1.222384825046195,362.08456444976457,-1037.7399840095918,200.0,110.5,7.194296441590634e-11
-1.8228573699089936e-06,1.2223846375669105,362.0845644569587,-1037.7399911409207,200.0,111.0,6.303508287324644e-11
-1.822860454482707e-06,1.2223844495160683,362.0845644641731,-1037.739998293936,200.0,111.5,5.523016329806046e-11
-1.8228635321674925e-06,1.222384260892404,362.08456447140804,-1037.7400054686839,200.0,112.0,4.839163841609009e-11
-1.8228666030094768e-06,1.222384071694719,362.0845644786634,-1037.7400126652094,200.0,112.5,4.239985053015119e-11
-1.8228696670542746e-06,1.2223838819215211,362.0845644859389,-1037.740019883559,200.0,113.0,3.7149957798937064e-11
-1.8228727243469948e-06,1.2223836915718238,362.0845644932349,-1037.7400271237777,200.0,113.5,3.255009975757758e-11
-1.8228757749322489e-06,1.2223835006439554,362.08456450055087,-1037.7400343859128,200.0,114.0,2.85197899809879e-11
-1.8228788188541584e-06,1.2223833091369938,362.0845645078873,-1037.7400416700102,200.0,114.5,2.498850776548883e-11
-1.822881856156363e-06,1.2223831170494777,362.08456451524387,-1037.7400489761167,200.0,115.0,2.189446418652287e-11
-1.8228848868820283e-06,1.222382924380234,362.08456452262084,-1037.7400563042784,200.0,115.5,1.9183520941453667e-11
-1.8228879110738499e-06,1.2223827311278648,362.0845645300178,-1037.7400636545424,200.0,116.0,1.680824305980137e-11
-1.8228909287740656e-06,1.2223825372912178,362.08456453743514,-1037.740071026956,200.0,116.5,1.4727068905628733e-11
-1.8228939400244572e-06,1.2223823428689278,362.08456454487276,-1037.740078421566,200.0,117.0,1.2903582949121139e-11
-1.8228969448663608e-06,1.2223821478597952,362.0845645523308,-1037.7400858384203,200.0,117.5,1.1305878582615487e-11
-1.8228999433406731e-06,1.2223819522626969,362.0845645598091,-1037.7400932775658,200.0,118.0,9.905999831895458e-12
-1.8229029354878555e-06,1.2223817560759247,362.0845645673076,-1037.7401007390504,200.0,118.5,8.679452194047136e-12
-1.8229059213479426e-06,1.222381559298812,362.0845645748268,-1037.7401082229217,200.0,119.0,7.60477404271623e-12
-1.8229089009605487e-06,1.2223813619297383,362.08456458236645,-1037.7401157292275,200.0,119.5,6.663161101392509e-12
-1.8229118743648732e-06,1.2223811639674114,362.08456458992646,-1037.7401232580162,200.0,120.0,5.838137413909586e-12
-1.8229148415997068e-06,1.2223809654106677,362.0845645975071,-1037.7401308093354,200.0,120.5,5.115267054937011e-12
-1.822917802703436e-06,1.2223807662582673,362.0845646051084,-1037.740138383234,200.0,121.0,4.481901536093113e-12
-1.8229207577140523e-06,1.2223805665088667,362.0845646127302,-1037.7401459797597,200.0,121.5,3.926958487894841e-12
-1.8229237066691554e-06,1.2223803661611135,362.08456462037276,-1037.7401535989616,200.0,122.0,3.440727745012415e-12
-1.8229266496059593e-06,1.2223801652140396,362.08456462803616,-1037.740161240888,200.0,122.5,3.0147014417880147e-12
-1.822929586561297e-06,1.222379963666041,362.0845646357203,-1037.7401689055876,200.0,123.0,2.6414251450999097e-12
-1.8229325175716285e-06,1.2223797615159315,362.0845646434252,-1037.7401765931097,200.0,123.5,2.314367419756152e-12
-1.8229354426730439e-06,1.2223795587624438,362.08456465115125,-1037.7401843035027,200.0,124.0,2.0278055441265026e-12
-1.8229383619012681e-06,1.2223793554042617,362.08456465889793,-1037.740192036816,200.0,124.5,1.77672537631187e-12
-1.8229412752916682e-06,1.2223791514402613,362.084564666666,-1037.7401997930986,200.0,125.0,1.5567336187505885e-12
-1.8229441828792572e-06,1.2223789468690527,362.08456467445495,-1037.7402075724,200.0,125.5,1.3639809461037016e-12
-1.8229470846986987e-06,1.2223787416892358,362.08456468226507,-1037.7402153747694,200.0,126.0,1.1950946513425254e-12
-1.822949980784312e-06,1.2223785358996047,362.0845646900964,-1037.7402232002567,200.0,126.5,1.0471196315076198e-12
-1.822952871170078e-06,1.2223783294989157,362.08456469794896,-1037.740231048911,200.0,127.0,9.17466680531905e-13
-1.8229557558896413e-06,1.2223781224857628,362.08456470582286,-1037.7402389207825,200.0,127.5,8.038671843773005e-13
-1.8229586349763177e-06,1.2223779148588585,362.08456471371807,-1037.7402468159207,200.0,128.0,7.043334257589064e-13
-1.8229615084630976e-06,1.2223777066171087,362.0845647216349,-1037.740254734376,200.0,128.5,6.171238038850404e-13
-1.8229643763826479e-06,1.2223774977588124,362.084564729573,-1037.7402626761989,200.0,129.0,5.40712360642535e-13
-1.8229672387673213e-06,1.2223772882830113,362.08456473753273,-1037.7402706414387,200.0,129.5,4.737620800089639e-13
-1.8229700956491576e-06,1.222377078188105,362.08456474551394,-1037.740278630147,200.0,130.0,4.1510149349592436e-13
-1.822972947059887e-06,1.2223768674730298,362.0845647535171,-1037.740286642374,200.0,130.5,3.6370418227496275e-13
-1.822975793030936e-06,1.2223766561362714,362.08456476154174,-1037.7402946781704,200.0,131.0,3.1867081732289197e-13
