displacement_all,pressure_solid_all,pressure_IF_all,pressure_cell_all,pressure_blood_all,load_all,time_all,varepsilonb_all,varepsilon_all
8.579398744853553e-23,0.0,373.2050807568876,-1866.0254037844388,-1.445695219083999e-14,0.0,0.5,0.03999999999999999,0.4999999999999998
9.203520991554584e-23,0.0,373.2050807568876,-1866.0254037844388,-3.3362846900437147e-14,0.0,1.0,0.03999999999999999,0.4999999999999998
1.741641256039379e-22,-5.6843418860808e-14,373.2050807568875,-1866.0254037844388,-5.011412870383874e-14,0.0,1.5,0.03999999999999999,0.4999999999999998
1.9634071599605646e-22,0.0,373.2050807568876,-1866.0254037844388,-1.8650039620026418e-14,0.0,2.0,0.03999999999999999,0.4999999999999998
2.5600575015902973e-22,0.0,373.2050807568876,-1866.0254037844388,-3.346299194186045e-14,0.0,2.5,0.03999999999999999,0.4999999999999998
2.979965044948944e-22,-5.6843418860808e-14,373.2050807568875,-1866.0254037844388,-4.3129892978534585e-14,0.0,3.0,0.03999999999999999,0.4999999999999998
3.4473542105250965e-22,0.0,373.2050807568876,-1866.0254037844388,-3.720192736874512e-14,0.0,3.5,0.03999999999999999,0.4999999999999998
3.862939128083691e-22,0.0,373.2050807568876,-1866.0254037844388,-3.45292928119581e-14,0.0,4.0,0.03999999999999999,0.4999999999999998
4.112096102546716e-22,0.0,373.2050807568876,-1866.0254037844388,-3.356892722501123e-14,0.0,4.5,0.03999999999999999,0.4999999999999998
4.432325972523831e-22,0.0,373.2050807568876,-1866.0254037844388,-3.141066978820295e-14,0.0,5.0,0.03999999999999999,0.4999999999999998
4.598695609960114e-22,0.0,373.2050807568876,-1866.0254037844388,-2.9698166938909353e-14,0.0,5.5,0.03999999999999999,0.4999999999999998
4.919883311082135e-22,0.0,373.2050807568876,-1866.0254037844388,-3.9499674076071205e-14,0.0,6.0,0.03999999999999999,0.4999999999999998
4.989707745721502e-22,0.0,373.2050807568876,-1866.0254037844388,-2.4073606568021617e-14,0.0,6.5,0.03999999999999999,0.4999999999999998
5.174614487310684e-22,0.0,373.2050807568876,-1866.0254037844388,-2.7384708440496894e-14,0.0,7.0,0.03999999999999999,0.4999999999999998
5.235632152848424e-22,0.0,373.2050807568876,-1866.0254037844388,-1.927202281455986e-14,0.0,7.5,0.03999999999999999,0.4999999999999998
5.461665220571127e-22,-1.0263395072090315e-14,373.2050807568876,-1866.0254037844388,-2.6596020984083736e-14,0.0,8.0,0.03999999999999999,0.4999999999999998
5.549592774654792e-22,-6.315935428978657e-15,373.2050807568876,-1866.0254037844388,-1.6879518346392113e-14,0.0,8.5,0.03999999999999999,0.4999999999999998
5.750191275825819e-22,0.0,373.2050807568876,-1866.0254037844388,-1.9029247675185353e-14,0.0,9.0,0.03999999999999999,0.4999999999999998
5.770018265778737e-22,0.0,373.2050807568876,-1866.0254037844388,-6.803478906256103e-15,0.0,9.5,0.03999999999999999,0.4999999999999998
5.871759311690945e-22,0.0,373.2050807568876,-1866.0254037844388,-6.4652453557267996e-15,0.0,10.0,0.03999999999999999,0.4999999999999998
-1.1327209065358735e-08,4.775657727625171,377.98079575497627,-1861.257312967366,4.182939099716532,4.894348370484646,10.5,0.039976291261734166,0.500024461839877
-4.940976560316353e-08,18.48630573214358,391.6917012519551,-1847.5806872919586,15.436816089821676,19.098300562505255,11.0,0.039878021347247807,0.5001137840344576
-1.1921105206379902e-07,39.518268060474064,412.72431030832547,-1826.6341833332863,31.063078819976884,41.221474770752685,11.5,0.039661812314324967,0.5002868866222421
-2.199166290718794e-07,65.59911045003365,438.8064181732709,-1800.7205875171123,48.32246952134885,69.09830056250526,12.0,0.0393091039389272,0.5005410696345831
-3.4623946246413664e-07,94.01350190880949,467.2229708117266,-1772.5919031111912,64.66563700265627,99.99999999999999,12.5,0.03882691593266168,0.5008601779881623
-4.896586217506386e-07,121.84291015264566,495.0557524327053,-1745.2086639270856,77.81555897340071,130.90169943749476,13.0,0.03824170559379653,0.5012213505525649
-6.396934587174534e-07,146.22962706094455,519.4473813462523,-1721.4720760950631,85.84903840894346,158.7785252292473,13.5,0.037591979814351,0.5015994253845536
-7.851145849676797e-07,164.6465923599707,537.8710874717389,-1703.948179425423,87.32161931384665,180.90169943749476,14.0,0.03692207814424181,0.5019694400398735
-9.150115657766576e-07,175.14666418908806,548.3799297186584,-1694.6116066200766,81.42376674617375,195.10565162951536,14.5,0.03627782143252779,0.5023077954177387
-1.0196919226635219e-06,176.56399083969782,549.8081184467842,-1694.6376774652495,68.12951777655402,200.0,15.0,0.03570385077397732,0.5025926454602099
-1.1019248192420788e-06,173.4592363787827,546.716264211074,-1699.4601494278527,52.72022371654401,200.0,15.5,0.03522712672846994,0.5028194564712404
-1.1711465348635157e-06,170.74295963370227,544.0147992587833,-1704.1533571132709,40.16059016003015,200.0,16.0,0.03484816393334585,0.5030015334157283
-1.2308421627642922e-06,168.36795839030597,541.6563163401978,-1708.7389863779806,30.11991623354684,200.0,16.5,0.03455462579189774,0.5031515093371454
-1.283211039761546e-06,166.2738031948994,539.5801155785286,-1713.2430833301223,22.171348719939637,200.0,17.0,0.03433142670822078,0.5032779340423619
-1.3298020748409867e-06,164.4060675262856,537.731466147567,-1717.6808532225757,15.91538483596568,200.0,17.5,0.03416470264041949,0.5033864532244607
-1.3717647542869072e-06,162.72041609887566,536.0657265757404,-1722.0567406746818,11.012888528515774,200.0,18.0,0.034042805311345986,0.5034809364113981
-1.4099753701802442e-06,161.18174831759464,534.5475111489816,-1726.368324079507,7.18617573369134,200.0,18.5,0.03395627200085346,0.5035641211406907
-1.4451126316364158e-06,159.7623355451704,533.148839757875,-1730.609889508111,4.211261960169776,200.0,19.0,0.03389752432674755,0.5036379799840816
-1.4777077798490845e-06,158.4401167943072,531.8474381012106,-1734.7748009022466,1.9087925607181715,200.0,19.5,0.03386053647706088,0.5037039487316777
-1.5081798576756957e-06,157.19737601019614,530.6254143604874,-1738.8568164998778,0.13578252158177345,200.0,20.0,0.0338405387946907,0.5037630786957401
-1.5368614623026142e-06,156.01976271633984,529.4682765178594,-1742.850696962477,-1.2213867622774135,200.0,20.5,0.033833769076730094,0.5038161427864161
-1.5640180031983547e-06,154.8955712503361,528.3642071512422,-1746.752397791082,-2.252749719951571,200.0,21.0,0.03383726883691695,0.5038637113487056
-1.5898623396151463e-06,153.81520440342132,527.3035224623758,-1750.5590435138208,-3.029473919835586,200.0,21.5,0.03384871823321116,0.5039062073731594
-1.614566034915184e-06,152.7707671263158,526.2782616844602,-1754.2688025779746,-3.607682471018826,200.0,22.0,0.033866303169523396,0.5039439472123629
-1.638268081763981e-06,151.75575277452333,525.2818695465788,-1757.8807288541952,-4.031536406680441,200.0,22.5,0.03388860878365467,0.5039771708502245
-1.6610817075123839e-06,150.7647963849756,524.3089463353367,-1761.3946032940466,-4.335710569678801,200.0,23.0,0.033914534402679275,0.5040060644728687
-1.6830997056097575e-06,149.79347756992692,523.3550481104587,-1764.810790835558,-4.547375489408544,200.0,23.5,0.0339432258698642,0.5040307772661113
-1.7043986257326603e-06,148.83816096000368,522.416524944254,-1768.130117763596,-4.687778864760141,200.0,24.0,0.03397402186852773,0.5040514338307469
-1.7250420746917031e-06,147.89586565934223,521.4903885770218,-1771.3537698009861,-4.773503916748087,200.0,24.5,0.034006411481414645,0.5040681432504163
-1.745083321357405e-06,146.9641575331019,520.5742032406789,-1774.4832090096836,-4.817467963783287,200.0,25.0,0.034040000737539974,0.5040810055994562
-1.7645673550842004e-06,146.041059748351,519.6659950113392,-1777.5201068188685,-4.829712878680229,200.0,25.5,0.034074486324347834,0.5040901164992486
-1.7835325140369088e-06,145.1249780989254,518.7641761703036,-1780.4662904389056,-4.81802934564574,200.0,26.0,0.03410963499404644,0.504095570197414
-1.8020117745114461e-06,144.21463843154936,517.8674818483963,-1783.3237001728235,-4.788448782937387,200.0,26.5,0.03414526748075498,0.5040974615406558
-1.8200337727809195e-06,143.30903406139868,516.9749168072607,-1786.0943554966727,-4.745630183357284,200.0,27.0,0.03418124597992887,0.5040958871306661
-1.837623615771304e-06,142.40738148912092,516.0857106416355,-1788.7803281483011,-4.693163724132911,200.0,27.5,0.034217464432341804,0.5040909458878917
-1.8548035249535603e-06,141.5090830528946,515.1992800136103,-1791.3837207975162,-4.633808609899556,200.0,28.0,0.03425384100932059,0.5040827391964858
-1.8715933484763076e-06,140.61369539790294,514.3151967830419,-1793.9066501548914,-4.5696790636563955,200.0,28.5,0.034290312320415205,0.5040713707628206
-1.8880109691882898e-06,139.7209028414914,513.4331610977428,-1796.3512336105166,-4.502389521980967,200.0,29.0,0.034326828964672707,0.5040569462874971
-1.9040726303812406e-06,138.8304948688026,512.5529786663981,-1798.7195786828506,-4.433167796708339,200.0,29.5,0.03436335212670787,0.5040395730252556
-1.9197931964886543e-06,137.94234712030433,511.6745415660577,-1801.0137747082717,-4.362943130444783,200.0,30.0,0.034399850982594106,0.5040193592872356
-1.935186362345639e-06,137.05640533609665,510.79781204133246,-1803.2358863209095,-4.2924146102839105,200.0,30.5,0.034436300731343406,0.5039964139246061
-1.9502648217468027e-06,136.17267180709467,509.92280883908626,-1805.3879483660871,-4.222104240915514,200.0,31.0,0.03447268110796218,0.5039708458207285
-1.9650404037735303e-06,135.29119395383066,509.0495956942286,-1807.471961964411,-4.152398055954704,200.0,31.5,0.03450897526584428,0.5039427634100457
-1.9795241835731715e-06,134.41205471244794,508.17827164198644,-1809.4898915015337,-4.083577916721556,200.0,32.0,0.034545168941293176,0.5039122742351758
-1.9937265728609047e-06,133.5353644566767,507.30896288200836,-1811.4436623642168,-4.015846071909041,200.0,32.5,0.03458124983262575,0.5038794845487133
-2.0076573943015205e-06,132.66125422585202,506.4418159615434,-1813.3351592793397,-3.94934409815673,200.0,33.0,0.03461720714170805,0.5038444989626669
-2.0213259430505473e-06,131.78987006376371,505.57699208016516,-1815.1662251409011,-3.8841674852023282,200.0,33.5,0.03465303123779892,0.503807420145908
-2.034741038042427e-06,130.92136830239028,504.7146623481839,-1816.9386602325967,-3.8203768497863635,200.0,34.0,0.034688713412941954,0.5037683485682656
-2.0479110650686793e-06,130.05591164928526,503.8550038559389,-1818.6542217714361,-3.758006543651031,200.0,34.5,0.034724245705417996,0.50372738228875
-2.060844013260067e-06,129.19366595829996,502.9981964323507,-1820.3146237121368,-3.697071249933004,200.0,35.0,0.034759620773400064,0.503684616784694
-2.0735475062490974e-06,128.33479758103582,502.1444199890509,-1821.9215367633738,-3.6375710287940795,200.0,35.5,0.034794831805297105,0.503640144818218
-2.0860288290234424e-06,127.47947121146487,501.2938523616297,-1823.4765885761235,-3.5794951691525325,200.0,36.0,0.03482987245661587,0.5035940563362808
-2.098294951271659e-06,126.62784814892383,500.4466675724699,-1824.981364071632,-3.522825122500269,200.0,36.5,0.03486473680573241,0.5035464384006068
-2.1103525478578526e-06,125.7800849155698,499.603034450636,-1826.4374058824517,-3.4675367319600787,200.0,37.0,0.03489941932292222,0.5034973751438928
-2.1222080169321793e-06,124.93633217364562,498.7631155536568,-1827.8462148847514,-3.413601921006199,200.0,37.5,0.03493391484848635,0.5034469477489261
-2.1338674960818033e-06,124.09673389581116,497.9270663440333,-1829.209250803958,-3.360989968517597,200.0,38.0,0.03496821857693859,0.503395234447456
-2.1453368768462625e-06,123.26142674855281,497.0950345801298,-1830.5279328789338,-3.309668467628036,200.0,38.5,0.03500232604506784,0.503342310535957
-2.1566218178574435e-06,122.4305396544541,496.2671598869397,-1831.8036405724301,-3.25960404327461,200.0,39.0,0.03503623312232589,0.5032882484056713
-2.167727756814004e-06,121.6041935040655,495.44357347721854,-1833.0377143176527,-3.2107628859264197,200.0,39.5,0.035069936002463956,0.5032331175845985
-2.1786599214601373e-06,120.78250099233749,494.62439799774995,-1834.2314562924776,-3.163111145563035,200.0,40.0,0.03510343119569031,0.5031769847893504
-2.189423339706919e-06,119.9655665582311,493.809747479188,-1835.3861312142687,-3.1166152196296872,200.0,40.5,0.03513671552087665,0.5031199139850332
-2.20002284900925e-06,119.1534864092284,492.9997273710637,-1836.5029671493764,-3.071241960760803,200.0,41.0,0.03516978609752484,0.5030619664515442
-2.2104631050913412e-06,118.34634861515288,492.1944346462513,-1837.583156332387,-3.0269588239577474,200.0,41.5,0.03520264033733646,0.5030032008548709
-2.2207485900975846e-06,117.54423325801207,491.3939579615119,-1838.6278559909706,-2.983733968226252,200.0,42.0,0.035235275935319235,0.5029436733221723
-2.2308836202328023e-06,116.74721262655304,490.5983778627315,-1839.6381891728183,-2.9415363240966657,200.0,42.5,0.03526769086042602,0.5028834375195842
-2.240872352945438e-06,115.95535144592839,489.8077670251887,-1840.615245571738,-2.9003356357011145,200.0,43.0,0.035299883345762124,0.5028225447318452
-2.2507187936989028e-06,115.16870713432824,489.02219052065584,-1841.5600823504303,-2.8601024839902043,200.0,43.5,0.03533185187842241,0.5027610439429675
-2.260426802369477e-06,114.38733007970184,488.2417061044205,-1842.4737249578427,-2.8208082960652514,200.0,44.0,0.035363595189031725,0.5026989819172998
-2.2700000993035723e-06,113.61126393076307,487.46636451638847,-1843.3571679393426,-2.7824253443881757,200.0,44.5,0.0353951122410693,0.5026364032804292
-2.2794422710626875e-06,112.84054589741746,486.696209791382,-1844.2113757382322,-2.744926738695878,200.0,45.0,0.03542640222005704,0.5025733505994606
-2.288756775880573e-06,112.0752070565353,485.93127957453964,-1845.0372834873438,-2.7082864127456694,200.0,45.5,0.03545746452268872,0.5025098644622935
-2.297946948854066e-06,111.31527265968982,485.17160543842334,-1845.8357977896808,-2.6724791074785332,200.0,46.0,0.035488298745971904,0.502445983555582
-2.307016006886476e-06,110.56076244006076,484.4172131990232,-1846.6077974872296,-2.637480351784097,200.0,46.5,0.03551890467644655,0.5023817447411246
-2.3159670534001995e-06,109.81169091621106,483.66812322836165,-1847.3541344172222,-2.603266441743071,200.0,47.0,0.0355492822795382,0.5023171831304841
-2.3248030828335005e-06,109.06806769087376,482.92435076183256,-1848.0756341552512,-2.569814418991272,200.0,47.5,0.035579431689094845,0.5022523321576768
-2.3335269849347684e-06,108.32989774325243,482.18590619877415,-1848.7730967447674,-2.53710204867731,200.0,48.0,0.03560935319714989,0.5021872236498174
-2.342141548866325e-06,107.59718171365378,481.4527953950993,-1849.4472974125688,-2.50510779735231,200.0,48.5,0.035639047243946335,0.5021218878956253
-2.3506494671286825e-06,106.86991617953501,480.7250199470658,-1850.0989872699834,-2.4738108110354684,200.0,49.0,0.035668514408250786,0.5020563537117425
-2.35905333931521e-06,106.14809392227717,480.0025774655016,-1850.7288939995253,-2.4431908936241893,200.0,49.5,0.035697755397980056,0.5019906485068188
-2.367355675706317e-06,105.43170418418386,479.28546183999117,-1851.3377225268641,-2.4132284857648703,200.0,50.0,0.035726771041157596,0.5019247983433545
-2.3755589007115125e-06,104.72073291536675,478.57366349268716,-1851.9261556780023,-2.383904644260597,200.0,50.5,0.035755562277212466,0.5018588279972978
-2.3836653561671012e-06,104.01516301031498,477.8671696215528,-1852.4948548216069,-2.3552010220615207,200.0,51.0,0.03578413014862927,0.5017927610154136
-2.3916773044966524e-06,103.31497453405888,477.1659644329495,-1853.0444604964996,-2.3270998488639627,200.0,51.5,0.035812475792953664,0.5017266197704479
-2.399596931740921e-06,102.620144937926,476.4700293635794,-1853.5755930243129,-2.299583912329011,200.0,52.0,0.0358406004351553,0.5016604255141222
-2.40742635046342e-06,101.93064926497449,475.7793432918676,-1854.088853107398,-2.272636539919878,200.0,52.5,0.03586850538034714,0.5015941984280032
-2.415167602537463e-06,101.24646034524382,475.09388273893853,-1854.5848224120668,-2.2462415813494574,200.0,53.0,0.03589619200685774,0.5015279576722926
-2.4228226618201196e-06,100.5675489810155,474.4136220593824,-1855.064064137283,-2.2203833916260094,200.0,53.5,0.0359236617596515,0.5014617214325923
-2.4303934367182056e-06,99.89388412232108,473.7385336220565,-1855.527123568956,-2.1950468146800532,200.0,54.0,0.035950916144090045,0.5013955069647007
-2.437881772651124e-06,99.2254330329597,473.0685879811927,-1855.9745286199964,-2.170217167554675,200.0,54.5,0.03597795672002686,0.5013293306375006
-2.4452894544151124e-06,98.56216144731805,472.40375403811043,-1856.4067903563039,-2.1458802251393374,200.0,55.0,0.03600478509622601,0.5012632079739966
-2.4526182084532024e-06,97.90403371830126,471.7439991938489,-1856.8244035088926,-2.122022205426816,200.0,55.5,0.03603140292509535,0.501197153690567
-2.45986970503495e-06,97.25101295669214,471.0892894930464,-1857.227846972356,-2.0986297552759163,200.0,56.0,0.03605781189772383,0.5011311817344909
-2.46704556034981e-06,96.60306116227432,470.4395897594065,-1857.6175842898906,-2.075689936656104,200.0,56.5,0.036084013739211836,0.5010653053198146
-2.474147338517817e-06,95.96013934704577,469.7948637230846,-1857.9940641251046,-2.053190213360171,200.0,57.0,0.036110010204283886,0.5009995369616171
-2.481176553521053e-06,95.32220765086231,469.1550741403422,-1858.3577207208498,-2.031118438163023,200.0,57.5,0.03613580307317203,0.5009338885087389
-2.488134671059221e-06,94.6892254498434,468.5201829058061,-1858.7089743453168,-2.00946284040981,200.0,58.0,0.036161394147758964,0.5008683711750322
-2.4950231103324854e-06,94.0611514578691,467.8901511576677,-1859.0482317256385,-1.9882120140184014,200.0,58.5,0.036186785247969346,0.5008029955691946
-2.501843245754574e-06,93.43794382149343,467.2649393761546,-1859.375886469256,-1.967354905877931,200.0,59.0,0.036211978208398166,0.5007377717232412
-2.50859640859903e-06,92.81956020859366,466.6445074755981,-1859.692319473302,-1.9468808046293948,200.0,59.5,0.036236974875165265,0.5006727091196738
-2.5152838885813427e-06,92.20595789106204,466.02881489041056,-1859.9978993222505,-1.9267793298145484,200.0,60.0,0.036261777102984935,0.5006078167174027
-2.5219069353795747e-06,91.59709382184597,465.41782065528156,-1860.2929826741033,-1.9070404213777548,200.0,60.5,0.03628638675244032,0.5005431029764724
-2.5284667600959927e-06,90.99292470662661,464.81148347989006,-1860.577914635357,-1.8876543295086674,200.0,61.0,0.03631080568745204,0.5004785758816441
-2.5349645366620854e-06,90.39340707041798,464.2097618184184,-1860.8530291250192,-1.8686116048139303,200.0,61.5,0.03633503577293106,0.500414242964885
-2.541401403189259e-06,89.79849731935995,463.612613934147,-1861.118649227928,-1.8499030888047483,200.0,62.0,0.0363590788726064,0.5003501113268134
-2.5477784632674027e-06,89.20815179796719,463.01999795939565,-1861.3750875376325,-1.8315199046907829,200.0,62.5,0.036382936847017905,0.5002861876571427
-2.554096787213411e-06,88.62232684208702,462.4318719510684,-1861.6226464890833,-1.8134534484672156,200.0,63.0,0.03640661155166534,0.5002224782541747
-2.560357413271678e-06,88.0409788278032,461.84819394204595,-1861.8616186813967,-1.7956953802884086,200.0,63.5,0.03643010483530505,0.5001589890433784
-2.566561348768474e-06,87.46406421652328,461.268921988662,-1862.0922871909306,-1.7782376161144091,200.0,64.0,0.03645341853838599,0.5000957255951028
-2.572709571222063e-06,86.89153959646413,460.6940142144889,-1862.3149258749313,-1.7610723196237679,200.0,64.5,0.036476554491616776,0.500032693141456
-2.578803029410299e-06,86.32336172074966,460.1234288506437,-1862.5297996659863,-1.7441918943835648,200.0,65.0,0.036499514514656564,0.49996989659239566
-2.5848426443974197e-06,85.7594875423226,459.5571242728243,-1862.7371648575297,-1.7275889762656877,200.0,65.5,0.03652230041492219,0.49990734055106173
-2.59082931052164e-06,85.19987424585766,458.99505903526557,-1862.937269380637,-1.7112564261052434,200.0,66.0,0.03654491398650463,0.49984502932838915
-2.5967638963451017e-06,84.64447927686322,458.4371919018039,-1863.1303530723396,-1.6951873225889025,200.0,66.5,0.03656735700918835,0.4997829669570341
-2.6026472455676824e-06,84.09326036814052,457.8834818742262,-1863.3166479356996,-1.6793749553687256,200.0,67.0,0.03658963124756674,0.4997211572046438
-2.6084801779060687e-06,83.54617556376712,457.3338882180682,-1863.4963783918543,-1.6638128183935934,200.0,67.5,0.03661173845024828,0.49965960358650224
-2.6142634899394914e-06,83.00318324075938,456.7883704860242,-1863.6697615242697,-1.6484946034498784,200.0,68.0,0.03663368034914712,0.4995983093775803
-2.6199979559234148e-06,82.46424212856344,456.2468885391182,-1863.8370073154074,-1.633414193905989,200.0,68.5,0.03665545865885292,0.49953727762401884
-2.625684328572458e-06,81.9293113265113,455.70940256577535,-1863.9983188760289,-1.6185656586550254,200.0,69.0,0.036677075076074914,0.49947651115406927
-2.6313233398137477e-06,81.39835031937977,455.17587309893577,-1864.1538926673356,-1.603943246246352,200.0,69.5,0.03669853127915496,0.4994160125885209
-2.636915701511866e-06,80.87131899117325,454.64626103133304,-1864.303918716159,-1.5895413792033461,200.0,70.0,0.036719828927645255,0.4993557843506353
-2.6424621061665136e-06,80.34817763725093,454.1205276290591,-1864.448580823397,-1.5753546485202268,200.0,70.5,0.036740969661946295,0.49929582867561284
-2.6479632275839475e-06,79.82888697491117,453.59863454353433,-1864.5880567658887,-1.5613778083309753,200.0,71.0,0.0367619551030007,0.4992361476196147
-2.653419721523227e-06,79.3134081525367,453.08054382198384,-1864.722518491927,-1.547605770747901,200.0,71.5,0.036782786852039305,0.4991767430683579
-2.658832226318249e-06,78.80170275740329,452.56621791652873,-1864.852132310589,-1.5340336008613566,200.0,72.0,0.03680346649037569,0.4991176167453083
-2.6642013634765177e-06,78.29373282224397,452.0556196919833,-1864.9770590750672,-1.5206565118985869,200.0,72.5,0.03682399557924545,0.4990587702194853
-2.6695277382555592e-06,77.78946083065871,451.5487124324526,-1865.0974543601862,-1.5074698605339285,200.0,73.0,0.03684437565968737,0.49900020491290153
-2.6748119402178453e-06,77.28884972145356,451.045459846814,-1865.2134686342688,-1.494469142347745,200.0,73.5,0.036864608252462905,0.49894192210765104
-2.68005454376507e-06,76.79186289198599,450.54582607316325,-1865.3252474255282,-1.4816499874289635,200.0,74.0,0.0368846948580114,0.4988839229526657
-2.6852561086525736e-06,76.29846420059425,450.0497756823021,-1865.432931483147,-1.4690081561160016,200.0,74.5,0.036904636956438114,0.4988262084701534
-2.690417180484689e-06,75.80861796817706,449.55727368033797,-1865.5366569332066,-1.4565395348725787,200.0,75.0,0.036924436007532466,0.4987687795617339
-2.6955382911917475e-06,75.32228897899081,449.06828551046283,-1865.6365554296226,-1.4442401322941993,200.0,75.5,0.036944093450814265,0.4987116370142871
-2.700619959489459e-06,74.83944248072673,448.5827770539754,-1865.7327543002348,-1.4321060752405017,200.0,76.0,0.03696361070560518,0.4986547815055269
-2.7056626913213377e-06,74.36004418392388,448.1007146306044,-1865.8253766882076,-1.4201336050907838,200.0,76.5,0.036982989171123894,0.49859821360931394
-2.7106669802848354e-06,73.88406026077406,447.6220649981898,-1865.9145416888794,-1.4083190741177594,200.0,77.0,0.03700223022660239,0.4985419338007187
-2.7156333080418142e-06,73.41145734336887,447.14679535177413,-1866.0003644822018,-1.3966589419764763,200.0,77.5,0.037021335231421815,0.4984859424608489
-2.720562144713947e-06,72.94220252143691,446.6748733221524,-1866.0829564609069,-1.3851497723047586,200.0,78.0,0.03704030552526603,0.49843023988145074
-2.7254539492636434e-06,72.4762633396159,446.20626697392777,-1866.1624253545365,-1.3737882294312915,200.0,78.5,0.03705914242829107,0.49837482626929436
-2.7303091698610438e-06,72.01360779430118,445.7409448031141,-1866.2388753494558,-1.3625710751891364,200.0,79.0,0.03707784724130926,0.4983197017503546
-2.7351282442376193e-06,71.55420433011149,445.27887573432815,-1866.312407204987,-1.3514951658294994,200.0,79.5,0.03709642124598615,0.4982648663737984
-2.7399116000268954e-06,71.09802183600638,444.82002911760725,-1866.383118365774,-1.3405574490345433,200.0,80.0,0.037114865705049176,0.49821032011578403
-2.7446596550927815e-06,70.64502964109072,444.36437472488865,-1866.451103070504,-1.3297549610254036,200.0,80.5,0.03713318186250671,0.4981560628830843
-2.7493728178459943e-06,70.19519751014026,443.91188274618406,-1866.5164524570973,-1.3190848237615924,200.0,81.0,0.0371513709438763,0.4981020945165415
-2.754051487549014e-06,69.74849563887348,443.46252378547877,-1866.5792546644786,-1.3085442422308131,200.0,81.5,0.037169434156420926,0.49804841479436124
-2.758696054610018e-06,69.3048946490031,443.01626885638564,-1866.6395949310345,-1.2981305018242772,200.0,82.0,0.03718737268939237,0.4979950234352526
-2.7633069008662122e-06,68.86436558308944,442.5730893775804,-1866.6975556898678,-1.2878409657964507,200.0,82.5,0.037205187714280614,0.4979419201014245
-2.76788439985696e-06,68.42687989922031,442.13295716804225,-1866.7532166609435,-1.2776730728063805,200.0,83.0,0.037222880385068526,0.49788910440144024
-2.77242891708709e-06,67.992409465543,441.6958444421253,-1866.8066549402351,-1.267624334536075,200.0,83.5,0.03724045183849074,0.4978365758929422
-2.776940810280772e-06,67.56092655466422,441.26172380448037,-1866.8579450859536,-1.2576923333872296,200.0,84.0,0.037257903194296366,0.49778433408524975
-2.7814204296262937e-06,67.13240383794326,440.8305682448484,-1866.9071592019664,-1.2478747202498077,200.0,84.5,0.03727523555551437,0.49773237844183565
-2.7858681180121016e-06,66.70681437969064,440.4023511327444,-1866.9543670184848,-1.2381692123435744,200.0,85.0,0.03729245000872127,0.4976807083826902
-2.790284211254427e-06,66.28413163129353,439.9770462120489,-1866.9996359701177,-1.2285735911279545,200.0,85.5,0.03730954762431045,0.4976293232865737
-2.794669038316809e-06,65.86432942528175,439.5546275955226,-1867.0430312713645,-1.2190857002790696,200.0,86.0,0.03732652945676246,0.49757822249316824
-2.799022921521833e-06,65.447381969347,439.1350697592611,-1867.0846159896405,-1.2097034437321261,200.0,86.5,0.03734339654491593,0.4975274053051266
-2.8033461767553617e-06,65.03326384033294,438.71834753710107,-1867.124451115908,-1.200424783785796,200.0,87.0,0.03736014991223844,0.49747687099002974
-2.8076391136635477e-06,64.621949978202,438.30443611499174,-1867.1625956329942,-1.1912477392689456,200.0,87.5,0.03737679056709703,0.49742661878225297
-2.811902035842893e-06,64.21341567999684,437.89331102534413,-1867.199106581665,-1.1821703837647692,200.0,88.0,0.03739331950302792,0.49737664788474656
-2.8161352410236283e-06,63.80763659380239,437.4849481413684,-1867.2340391245348,-1.1731908438926648,200.0,88.5,0.03740973769900507,0.49732695747073385
-2.8203390212466394e-06,63.40458871271845,437.0793236714078,-1867.2674466078731,-1.1643072976459954,200.0,89.0,0.03742604611970722,0.4972775466853333
-2.824513663034199e-06,63.00424836885432,436.6764141532826,-1867.299380621389,-1.1555179727814924,200.0,89.5,0.03744224571578312,0.49722841464710377
-2.8286594475547232e-06,62.606592227349225,436.2761964486458,-1867.329891056044,-1.1468211452634267,200.0,90.0,0.03745833742411461,0.4971795604495214
-2.8327766507817835e-06,62.21159728042931,435.87864773736567,-1867.3590261599713,-1.1382151377548215,200.0,90.5,0.037474322168077515,0.4971309831623869
-2.836865543647582e-06,61.819240841505646,435.4837455119361,-1867.3868325925503,-1.1296983181594993,200.0,91.0,0.037490200857799784,0.4970826818331693
-2.840926392191084e-06,61.429500539321076,435.0914675719255,-1867.4133554767093,-1.1212690982099338,200.0,91.5,0.037505974390416905,0.4970346554882893
-2.8449594577010355e-06,61.04235431214931,434.7017920184668,-1867.4386384495047,-1.1129259321008846,200.0,92.0,0.03752164365032447,0.49698690313434163
-2.848964996854014e-06,60.657780402051145,434.3146972487961,-1867.4627237110326,-1.1046673151677284,200.0,92.5,0.03753720950942743,0.49693942375926375
-2.8529432618477304e-06,60.275757349196155,433.9301619508433,-1867.4856520717385,-1.0964917826064124,200.0,93.0,0.037552672827386224,0.4968922163334509
-2.85689450052974e-06,59.896263986247824,433.5481650978803,-1867.5074629981616,-1.0883979082351654,200.0,93.5,0.03756803445185934,0.49684527981081916
-2.8608189565217227e-06,59.51927943281907,433.1686859432292,-1867.5281946571772,-1.0803843032964555,200.0,94.0,0.037583295218742624,0.4967986131298215
-2.8647168693395175e-06,59.14478309000171,432.7917040150341,-1867.5478839587806,-1.0724496152973668,200.0,94.5,0.03759845595240466,0.4967522152144168
-2.8685884745090497e-06,58.772754634971555,432.4171991111022,-1867.566566597462,-1.0645925268867007,200.0,95.0,0.0376135174659187,0.49670608497499485
-2.8724340036782998e-06,58.40317401566928,432.04515129381093,-1867.5842770922177,-1.0568117547702118,200.0,95.5,0.03762848056129071,0.4966602213092598
-2.876253684725472e-06,58.03602144556458,431.6755408850918,-1867.6010488252432,-1.0491060486580976,200.0,96.0,0.037643346029683625,0.49661462310307253
-2.880047741863484e-06,57.67127739849858,431.3083484614834,-1867.6169140793509,-1.0414741902496254,200.0,96.5,0.03765811465163772,0.4965692892312562
-2.883816395740927e-06,57.30892260361279,430.94355484926444,-1867.6319040741532,-1.0339149922476611,200.0,97.0,0.037672787197287096,0.49652421855836343
-2.8875598635396094e-06,56.948938040359955,430.5811411196615,-1867.646049001056,-1.0264272974069355,200.0,97.5,0.03768736442657222,0.49647940993941037
-2.89127835906882e-06,56.591304933600526,430.2210885841359,-1867.659378057095,-1.0190099776124555,200.0,98.0,0.037701847089448494,0.4964348622205757
-2.8949720928564234e-06,56.236004748787245,429.86337878975064,-1867.6719194776558,-1.011661932987074,200.0,98.5,0.03771623592609089,0.4963905742398702
-2.8986412722369e-06,55.883019187234154,429.5079935146176,-1867.68370056812,-1.0043820910285859,200.0,99.0,0.037730531667094606,0.4963465448277733
-2.902286101436445e-06,55.53233018147185,429.15491476342333,-1867.694747734462,-0.9971694057751176,200.0,99.5,0.03774473503367178,0.4963027728078429
-2.905906781655232e-06,55.183919890693296,428.80412476303957,-1867.7050865128385,-0.9900228569959328,200.0,100.0,0.03775884673784419,0.4962592569972965
-2.909503511146937e-06,54.83777069628327,428.45560595821183,-1867.7147415982056,-0.9829414494098637,200.0,100.5,0.03777286748263211,0.49621599620756623
-2.91307648529563e-06,54.493865197436165,428.10934100733243,-1867.723736871984,-0.9759242119278615,200.0,101.0,0.03778679796223922,0.49617298924482833
-2.916625896690121e-06,54.15218620686097,427.765312778292,-1867.732095428821,-0.9689701969208704,200.0,101.5,0.03780063886223359,0.49613023491050934
-2.9201519351958533e-06,53.81271674657171,427.4235043444144,-1867.7398396024612,-0.9620784795106754,200.0,102.0,0.0378143908597248,0.49608773200176853
-2.9236547880244356e-06,53.47544004376334,427.0838989804715,-1867.7469909907709,-0.9552481568840204,200.0,102.5,0.03782805462353738,0.4960454793119587
-2.9271346398008873e-06,53.140339526774476,426.74648015877835,-1867.75357047993,-0.9484783476282969,200.0,103.0,0.0378416308143803,0.49600347563106634
-2.930591672628692e-06,52.80739882113252,426.4112315453684,-1867.7595982678342,-0.941768191089582,200.0,103.5,0.0378551200850128,0.4959617197461317
-2.934026066152723e-06,52.476601745684256,426.07813699624853,-1867.7650938867164,-0.9351168467500787,200.0,104.0,0.037868523080406453,0.4959202104416486
-2.9374379976201286e-06,52.147932308808066,425.74718055373137,-1867.7700762250277,-0.9285234936268146,200.0,104.5,0.037881840437903755,0.4958789464999479
-2.940827641939234e-06,51.82137470470847,425.41834644284677,-1867.7745635485946,-0.9219873296890039,200.0,105.0,0.03789507278737288,0.49583792670156257
-2.9441951717365494e-06,51.496913309792504,425.09161906782936,-1867.7785735210796,-0.9155075712940723,200.0,105.5,0.03790822075135904,0.4957971498255754
-2.947540757411934e-06,51.17453267912313,424.7669830086816,-1867.7821232237643,-0.909083452642897,200.0,106.0,0.037921284945232336,0.49575661464995174
-2.950864567191991e-06,50.85421754295561,424.44442301781453,-1867.785229174684,-0.9027142252506105,200.0,106.5,0.03793426597733207,0.4957163199518569
-2.954166767181748e-06,50.53595280334849,424.1239240167595,-1867.787907347124,-0.8963991574359578,200.0,107.0,0.03794716444910783,0.4956762645079592
-2.957447521414691e-06,50.219723530851205,423.8054710929537,-1867.7901731875181,-0.8901375338273534,200.0,107.5,0.037959980955257044,0.49563644709471727
-2.9607069919012036e-06,49.905514961268906,423.4890494966001,-1867.7920416327424,-0.8839286548827991,200.0,108.0,0.03797271608385948,0.4955968664886574
-2.96394533867547e-06,49.59331249249929,423.17464463759427,-1867.7935271268502,-0.8777718364275132,200.0,108.5,0.037985370416508346,0.4955575214666352
-2.9671627198408925e-06,49.283101681444066,422.8622420825244,-1867.794643637249,-0.8716664092046754,200.0,109.0,0.03799794452843837,0.4955184108060863
-2.9703592916140813e-06,48.9748682409902,422.5518275517386,-1867.7954046703471,-0.865611718441362,200.0,109.5,0.03801043898865071,0.4954795332852657
-2.9735352083674567e-06,48.66859803706282,422.243386916478,-1867.7958232866827,-0.8596071234285313,200.0,110.0,0.03802285436003482,0.4954408876834756
-2.9766906226705226e-06,48.36427708574645,421.93690619607963,-1867.7959121155545,-0.853651997113716,200.0,110.5,0.03803519119948746,0.4954024727812821
-2.9798256853298483e-06,48.061891550474925,421.632371555241,-1867.7956833691694,-0.8477457257071328,200.0,111.0,0.03804745005802859,0.49536428736072297
-2.9829405454278083e-06,47.76142773928577,421.32976930134987,-1867.7951488563294,-0.8418877083008957,200.0,111.5,0.038059631480914624,0.49532633020550515
-2.9860353503601203e-06,47.46287210214169,421.02908588187694,-1867.7943199956574,-0.836077356499393,200.0,112.0,0.03807173600774872,0.495288600101192
-2.9891102458722293e-06,47.166211228314495,420.73030788182905,-1867.7932078283957,-0.8303140940620743,200.0,112.5,0.03808376417258842,0.4952510958353832
-2.992165376094565e-06,46.87143184383268,420.43342202126337,-1867.79182303078,-0.8245973565574576,200.0,113.0,0.038095716504050664,0.4952138161978853
-2.995200883576721e-06,46.578520808988756,420.1384151528592,-1867.7901759260044,-0.818926591028321,200.0,113.5,0.03810759352541397,0.49517675998087357
-2.9982169093205954e-06,46.28746511590797,419.84527425954957,-1867.7882764957953,-0.8133012556671726,200.0,114.0,0.038119395754718385,0.4951399259790485
-3.001213592812516e-06,45.998251886174664,419.5539864522075,-1867.7861343916006,-0.8077208195020358,200.0,114.5,0.03813112370486261,0.4951033129897806
-3.004191072054398e-06,45.710868368515435,419.26453896738747,-1867.7837589454143,-0.8021847620933236,200.0,115.0,0.03814277788369893,0.4950669198132533
-3.007149483593953e-06,45.42530193654069,418.97691916512304,-1867.7811591802397,-0.7966925732381629,200.0,115.5,0.03815435879412556,0.49503074525259355
-3.0100889625540025e-06,45.14154008653817,418.6911145267749,-1867.778343820215,-0.791243752686291,200.0,116.0,0.038165866934176874,0.4949947881140011
-3.0130096426609015e-06,44.85957043532205,418.4071126529326,-1867.775321300398,-0.7858378098634115,200.0,116.5,0.0381773027971111,0.49495904720686706
-3.0159116562721226e-06,44.57938071813287,418.1249012613653,-1867.7720997762353,-0.7804742636042014,200.0,117.0,0.03818866687149605,0.4949235213438897
-3.018795134403015e-06,44.30095878658982,417.8444681850227,-1867.7686871327153,-0.775152641893336,200.0,117.5,0.038199959641292504,0.4948882093411828
-3.0216602067527777e-06,44.024292606692825,417.5658013700847,-1867.7650909932215,-0.7698724816145072,200.0,118.0,0.03821118158593556,0.4948531100183791
-3.024507001729666e-06,43.74937025687259,417.2888888740575,-1867.7613187280974,-0.7646333283075137,200.0,118.5,0.03822233318041392,0.49481822219872806
-3.0273356464754554e-06,43.476179926088314,417.01371886391485,-1867.7573774629254,-0.7594347359338881,200.0,119.0,0.03823341489534709,0.4947835447091891
-3.0301462668892007e-06,43.204709911972614,416.74027961428686,-1867.7532740865347,-0.7542762666479896,200.0,119.5,0.03824442719706077,0.4947490763805201
-3.032938987650297e-06,42.934948619021604,416.46855950569017,-1867.749015258747,-0.7491574905766857,200.0,120.0,0.038255370547660164,0.49471481604736073
-3.03571393224087e-06,42.666884556827945,416.1985470228018,-1867.7446074178679,-0.7440779856061296,200.0,120.5,0.03826624540510155,0.4946807625483109
-3.0384712229675414e-06,42.40050633835896,415.9302307527755,-1867.74005678793,-0.7390373371735508,200.0,121.0,0.03827705222326193,0.49464691472600764
-3.0412109809825436e-06,42.135802678274956,415.6635993835971,-1867.7353693856999,-0.7340351380678787,200.0,121.5,0.03828779145200707,0.49461327142719363
-3.043933326304258e-06,41.87276239128965,415.3986417024815,-1867.7305510274527,-0.7290709882342973,200.0,122.0,0.038298463537257625,0.49457983150278584
-3.0466383778371514e-06,41.611374390570205,415.1353465943072,-1867.7256073355293,-0.7241444945866254,200.0,122.5,0.03830906892105376,0.4945465938079382
-3.0493262533911603e-06,41.35162768617623,414.8737030400886,-1867.7205437446676,-0.7192552708243803,200.0,123.0,0.038319608041617985,0.494513557202101
-3.0519970697005306e-06,41.09351138353653,414.61370011548604,-1867.7153655081404,-0.7144029372564518,200.0,123.5,0.03833008133341652,0.4944807205490778
-3.0546509424421265e-06,40.83701468196279,414.35532698935026,-1867.7100777036783,-0.7095871206294591,200.0,124.0,0.03834048922721911,0.4944480827170779
-3.0572879862532275e-06,40.58212687320001,414.09857292230345,-1867.7046852392064,-0.704807453961614,200.0,124.5,0.0383508321501572,0.49441564257876675
-3.059908314748851e-06,40.3288373400115,413.84342726535306,-1867.6991928583907,-0.7000635763820204,200.0,125.0,0.03836111052578077,0.4943833990113121
-3.062512040538572e-06,40.07713555479709,413.5898794585395,-1867.6936051459998,-0.6953551329747422,200.0,125.5,0.038371324774113764,0.49435135089642845
-3.0650992752429084e-06,39.827011078246734,413.33791902961593,-1867.6879265330936,-0.690681774627343,200.0,126.0,0.038381475311708,0.49431949712041784
-3.067670129509243e-06,39.57845355802461,413.08753559275925,-1867.6821613020434,-0.6860431578848186,200.0,126.5,0.038391562551695846,0.49428783657420894
-3.0702247130273223e-06,39.33145272748549,412.8387188473123,-1867.6763135913818,-0.6814389448073387,200.0,127.0,0.03840158690384155,0.4942563681533928
-3.0727631345443414e-06,39.08599840442259,412.59145857655574,-1867.6703874004986,-0.6768688028323917,200.0,127.5,0.03841154877459126,0.49422509075825616
-3.075285501879616e-06,38.84208048984336,412.3457446465084,-1867.6643865941808,-0.6723324046417221,200.0,128.0,0.038421448567121846,0.49419400329381313
-3.077791921938878e-06,38.599688966776704,412.10156700475756,-1867.6583149070027,-0.6678294280312214,200.0,128.5,0.03843128668138848,0.494163104669834
-3.0802825007281803e-06,38.35881389910672,411.85891567931384,-1867.6521759475745,-0.6633595557864259,200.0,129.0,0.0384410635141711,0.49413239380087165
-3.0827573433674458e-06,38.11944543043473,411.6177807774965,-1867.6459732026524,-0.6589224755599035,200.0,129.5,0.038450779459119615,0.4941018696062875
-3.0852165541036593e-06,37.8815737829682,411.37815248484173,-1867.6397100411086,-0.6545178797538173,200.0,130.0,0.038460434906798145,0.494071531010273
-3.0876602363237193e-06,37.64518925643572,411.140021064038,-1867.6333897177772,-0.6501454654053016,200.0,130.5,0.03847003024472812,0.49404137694187145
-3.090088492566955e-06,37.41028222702693,410.9033768538864,-1867.627015377172,-0.6458049340753446,200.0,131.0,0.038479565857430224,0.4940114063349971
-3.0925014245373278e-06,37.17684314635781,410.6682102682836,-1867.6205900570812,-0.6414959917413356,200.0,131.5,0.038489042126465506,0.4939816181284519
-3.0948991331153213e-06,36.944862540459226,410.4345117952281,-1867.614116692047,-0.6372183486928451,200.0,132.0,0.038498459430475425,0.4939520112659422
-3.0972817183695308e-06,36.71433100879029,410.202271995853,-1867.6075981167307,-0.6329717194293021,200.0,132.5,0.03850781814522082,0.4939225846960916
-3.0996492795679564e-06,36.48523922327198,409.9714815034743,-1867.6010370691654,-0.6287558225631951,200.0,133.0,0.03851711864362016,0.49389333737245517
-3.1020019151890293e-06,36.25757792734533,409.74213102266697,-1867.594436193906,-0.6245703807237171,200.0,133.5,0.038526361295786696,0.493864268253529
-3.10433972293235e-06,36.03133793505026,409.5142113283589,-1867.5877980450712,-0.6204151204642266,200.0,134.0,0.03853554646906484,0.49383537630276153
-3.1066627997291705e-06,35.80651013012426,409.28771326494507,-1867.5811250892943,-0.6162897721729579,200.0,134.5,0.0385446745280656,0.49380666048856015
-3.108971241752624e-06,35.58308546512343,409.062627745423,-1867.5744197085673,-0.6121940699853481,200.0,135.0,0.038553745834701295,0.4937781197842997
-3.111265144427698e-06,35.36105496056125,408.838945750546,-1867.5676842029998,-0.6081277517001734,200.0,135.5,0.03856276074821934,0.49374975316832787
-3.113544602440975e-06,35.14040970406848,408.61665832799645,-1867.5609207934847,-0.6040905586963501,200.0,136.0,0.03857171962523538,0.4937215596239699
-3.1158097097501394e-06,34.921140849570115,408.39575659157646,-1867.5541316242784,-0.6000822358543587,200.0,136.5,0.03858062281976546,0.49369353813953165
-3.118060559593259e-06,34.703239616481135,408.1762317204165,-1867.5473187654927,-0.5961025314781052,200.0,137.0,0.038589470683257666,0.49366568770830316
-3.120297244497849e-06,34.48669728892109,407.9580749582014,-1867.5404842155106,-0.5921511972201977,200.0,137.5,0.03859826356462293,0.49363800732855867
-3.1225198562897198e-06,34.271505214943524,407.7412776124127,-1867.5336299033215,-0.5882279880088217,200.0,138.0,0.038607001810265155,0.49361049600355805
-3.1247284861016335e-06,34.05765480578395,407.525831053588,-1867.5267576907781,-0.5843326619771495,200.0,138.5,0.03861568576411064,0.49358315274154585
-3.1269232243817497e-06,33.84513753512409,407.3117267145957,-1867.5198693747811,-0.5804649803939568,200.0,139.0,0.038624315767636884,0.4935559765557499
-3.1291041609018776e-06,33.633944938370426,407.0989560899248,-1867.5129666893945,-0.5766247075974644,200.0,139.5,0.03863289215990076,0.4935289664643786
-3.1312713847655576e-06,33.42406861194974,406.88751073499094,-1867.506051307889,-0.5728116109299791,200.0,140.0,0.03864141527756596,0.4935021214906182
-3.133424984415945e-06,33.215500212618416,406.6773822654554,-1867.4991248447195,-0.5690254606753363,200.0,140.5,0.03864988545492999,0.4934754406626288
-3.1355650476435282e-06,33.008231456787584,406.4685623565596,-1867.4921888574406,-0.5652660299967927,200.0,141.0,0.03865830302395047,0.4934489230135388
-3.1376916615936767e-06,32.8022541198599,406.261042742472,-1867.4852448485553,-0.5615330948786957,200.0,141.5,0.03866666831427087,0.49342256758144054
-3.139804912774021e-06,32.59756003558409,406.05481521565093,-1867.4782942673091,-0.5578264340671597,200.0,142.0,0.03867498165324572,0.49339637340938286
-3.141904887061673e-06,32.394141095418426,405.84987162621724,-1867.4713385114185,-0.5541458290151303,200.0,142.5,0.03868324336596533,0.49337033954536497
-3.1439916697103007e-06,32.19198924790988,405.64620388134125,-1867.464378928751,-0.5504910638274055,200.0,143.0,0.03869145377527981,0.4933444650423285
-3.146065345357036e-06,31.99109649808588,405.4438039446434,-1867.4574168189451,-0.5468619252067595,200.0,143.5,0.038699613201822886,0.49331874895814976
-3.1481259980292574e-06,31.791454906856906,405.2426638356037,-1867.450453434978,-0.5432582024031973,200.0,144.0,0.03870772196403485,0.4932931903556301
-3.150173711151213e-06,31.59305659043196,405.0427756289854,-1867.4434899846865,-0.5396796871635826,200.0,144.5,0.038715780378185356,0.4932677883024877
-3.1522085675505167e-06,31.395893719745892,404.84413145426913,-1867.4365276322314,-0.5361261736824021,200.0,145.0,0.03872378875839553,0.4932425418713463
